owner,started_at,framework,benchmark,dataset,task,model_name,score,score_name,all_scores,run_params
ilab,2024-08-17 16:24:33.028592,Unitxt,ilab,entities_selected.all,ner,models/merlinite-7b-lab-Q4_K_M.gguf,0.04482758620689655,f1_micro,"{'f1_Organization': 0.12903225806451615, 'f1_Money': 0.17391304347826086, 'f1_Person': 0.01411764705882353, 'f1_Measure': 0.04651162790697674, 'f1_Location': 0.15873015873015875, 'f1_Date': 0.11320754716981131, 'f1_Percent': 0.0, 'f1_Number': 0.09302325581395349, 'f1_Product': 0.0, 'f1_Duration': 0.0, 'f1_Ordinal': 0.0625, 'f1_GeographicFeature': 0.17391304347826086, 'f1_Time': 0.07407407407407407, 'f1_Facility': 0.3157894736842105, 'f1_PhoneNumber': 0.4615384615384615, 'f1_JobTitle': 0.1818181818181818, 'f1_Address': 0.0, 'f1_macro': 0.11753933957739349, 'recall_macro': 0.24853832442067733, 'precision_macro': 0.08946422635924739, 'in_classes_support': 0.5836501901140685, 'f1_micro': 0.04482758620689655, 'recall_micro': 0.24074074074074073, 'precision_micro': 0.024714828897338403, 'score': 0.04482758620689655, 'score_ci_low': np.float64(0.028232010170510934), 'score_ci_high': np.float64(0.06444475204029251), 'f1_micro_ci_low': np.float64(0.028232010170510934), 'f1_micro_ci_high': np.float64(0.06444475204029251)}","{'loader_limit': '100', 'host': 'cccxc418', 'folder': 'instructlab', 'num_shots': 5}"
